﻿dependency_id,from_project_id,to_project_id,dependency_type,description,owner_team,owner_name,status,priority,requested_date,due_date,impact_if_late,mitigation
D001,P002,P008,Service/API,Checkout latency work depends on Payments reliability changes in service layer,Platform Engineering,Delivery Lead - Platform,In Progress,High,10/14/25,11/8/25,Checkout perf improvements blocked; beta rollout may slip,Weekly integration sync; timebox changes; fallback to caching
D002,P002,P005,Data/Measurement,Need analytics events to validate checkout latency improvements and cohort performance,Data & Insights,Delivery Lead - Data Eng,Not Started,Medium,10/25/25,11/22/25,Unable to quantify impact; delays stakeholder sign-off,Define event spec; add QA tag checklist; validate in staging
D003,P001,P004,Content/IA,Onboarding flow depends on updated IA labels and content governance decisions,Content Ops,Product Lead - Content,In Progress,High,10/1/25,10/25/25,Onboarding steps may be incorrect; higher rework risk,Lock interim labels; approve v1 content map; create change log
D004,P001,P005,Data/Measurement,Activation funnel tracking required for Onboarding v2 success metrics,Data & Insights,Product Lead - Data,In Progress,High,9/18/25,10/25/25,No baseline/metrics; cannot prove value,Publish tracking spec; verify tags; add post-release monitoring
D005,P003,P009,Platform/Search,Support portal search depends on search relevance improvements and index stability,Customer Ops Tech,Delivery Lead - Ops Tech,In Progress,High,11/1/25,12/6/25,Portal search quality poor; adoption may drop,Implement interim search tuning; cache top queries; monitor errors
D006,P003,P004,Content/Approvals,Portal launch depends on content inventory and ownership approvals for KB templates,Content Ops,Delivery Lead - Content Ops,Blocked,High,10/28/25,11/22/25,Content migration stalls; launch delay,Escalate to sponsor; assign deputies; timebox approvals
D007,P006,P005,Data Mapping,CRM integration requires customer identity mapping and event taxonomy alignment,Data & Insights,Delivery Lead - Data Eng,In Progress,High,10/25/25,11/22/25,Incorrect sync; reporting mismatches; rework,Mapping workshop; validate sample records; add data QA checks
D008,P006,P008,Security/Infra,Enterprise integration needs platform reliability gates and runbook approval before go-live,Platform Engineering,Delivery Lead - SRE,Not Started,Medium,11/15/25,12/20/25,Go-live risk increases; incident response unclear,Approve runbook template; conduct tabletop exercise
D009,P007,P004,UX/IA,Mobile navigation labels must align with IA refresh decisions to avoid inconsistency,Content Ops,Delivery Lead - Mobile,In Progress,Medium,10/9/25,11/22/25,Inconsistent nav; user confusion; rework,Use shared glossary; align label set in review meeting
D010,P010,P005,Process/Tools,QA standardization depends on updated tracking spec and tagging to measure quality metrics,Data & Insights,Delivery Lead - PMO,In Progress,Medium,10/14/25,11/8/25,Cannot report quality KPIs; adoption harder,Define QA KPI fields; add to templates; office hours
D011,P010,P002,Process/Release,Release readiness checklist must be adopted for checkout beta rollout,PMO Enablement,Delivery Lead - PMO,Not Started,High,11/5/25,11/22/25,Beta rollout risk; missed defects; confidence drops,Embed checklist into release workflow; require sign-off
D012,P009,P008,Service Reliability,Search relevance work depends on platform observability and incident response improvements,Platform Engineering,Delivery Lead - SRE,In Progress,Medium,11/12/25,12/6/25,Hard to diagnose relevance issues; slower incident response,Add monitoring dashboards; align alert routing
D013,P004,P010,Governance,IA refresh requires PMO governance to streamline approvals and reduce bottlenecks,PMO Enablement,PMO Sponsor,In Progress,High,11/1/25,12/6/25,Approval bottlenecks persist; project stays Red,Timebox sign-offs; define approver SLA; track in RAID
D014,P002,P004,Content/Copy,Checkout UX updates require timely copy review and content approvals,Content Ops,Product Lead - Commerce,Blocked,High,11/20/25,12/6/25,Release slips; inconsistent messaging,Prioritize critical pages; set SLA; provide fallback copy
D015,P008,P010,Process/Quality,Payments reliability release requires standardized QA gates and severity thresholds,PMO Enablement,Delivery Lead - SRE,In Progress,High,10/2/25,10/25/25,Higher incident risk; post-release defects increase,Adopt thresholds; add release checklist; require test evidence
D016,P005,P004,Consent/Compliance,Instrumentation upgrade depends on cookie consent updates and compliance review,Content Ops,Delivery Lead - Data Eng,Not Started,High,11/25/25,12/20/25,Tracking blocked; metrics incomplete,Coordinate consent release; validate tags; communicate constraints
D017,P006,P003,Service Ops,CRM integration requires support portal readiness for case routing changes,Customer Ops Tech,Product Lead - RevOps,Not Started,Medium,12/1/25,1/17/26,Support routing issues; user impact,Run pilot; update training; phased enablement
D018,P001,P010,Quality/Release,Onboarding v2 release must pass release readiness checklist and UAT gates,PMO Enablement,Delivery Lead - Web,In Progress,High,10/15/25,11/22/25,Release quality risk; stakeholder trust,Define UAT plan; track defects; enforce checklist sign-off
D019,P009,P005,Data/Measurement,Need analytics to measure search CTR and relevance outcomes after changes,Data & Insights,Product Lead - Search,In Progress,Medium,11/18/25,12/6/25,Cannot validate improvements; decision delays,Define CTR/NDCG proxy metrics; add event tracking
D020,P003,P010,Process/Release,Support portal launch requires release readiness checklist adoption,PMO Enablement,Delivery Lead - Ops Tech,Not Started,Medium,11/25/25,12/6/25,Launch defects; rollback risk,Run checklist workshop; require sign-off in Jira ticket