﻿milestone_id,project_id,milestone_name,due_date,status,rag
M001,P001,Scope Approved,2025-09-13,Done,Green
M002,P001,Release v2,2025-12-13,In Progress,Green
M003,P002,Perf Baseline Complete,2025-10-11,Done,Green
M004,P002,Beta Rollout (10%),2025-12-20,In Progress,Amber
M005,P003,Requirements Signed-Off,2025-10-25,In Progress,Amber
M006,P003,Soft Launch,2026-02-14,Not Started,Amber
M007,P004,IA Approved,2025-10-18,In Progress,Red
M008,P004,Governance Rollout,2026-02-28,Not Started,Red
M009,P005,Tracking Spec Complete,2025-09-27,Done,Green
M010,P005,Instrumentation Deployed,2025-12-06,In Progress,Green
M011,P006,Integration Design Complete,2025-11-08,In Progress,Amber
M012,P006,Phase 1 Go-Live,2026-04-30,Not Started,Amber
M013,P007,Nav Audit Complete,2025-10-11,Done,Green
M014,P007,Nav Release,2026-02-14,Not Started,Green
M015,P008,Observability Baseline,2025-10-25,Done,Green
M016,P008,Reliability Release,2026-01-17,In Progress,Green
M017,P009,Relevance Baseline,2025-11-08,In Progress,Amber
M018,P009,Search Upgrade Release,2026-03-06,Not Started,Amber
M019,P010,QA Templates Published,2025-10-11,Done,Green
M020,P010,Checklist Adopted,2025-12-06,In Progress,Green
M021,P002,Stakeholder Sign-off,2025-11-22,In Progress,Amber
M022,P003,Content Migration Complete,2025-12-20,Not Started,Amber
M023,P004,Content Inventory Complete,2025-11-22,In Progress,Red
M024,P005,Dashboard Validation,2025-11-22,In Progress,Green
M025,P008,Incident Response Runbook,2025-11-22,Done,Green