﻿project_id,project_name,business_owner,delivery_owner,team,start_date,target_end_date,status_rag,priority,program
P001,Onboarding Flow v2 (Web),Product Lead - Growth,Delivery Lead - Web,Web Platform,2025-09-02,2025-12-13,Green,High,Growth & Adoption
P002,Checkout Latency Reduction,Product Lead - Commerce,Delivery Lead - Platform,Platform Engineering,2025-09-16,2026-01-31,Amber,High,Reliability & Performance
P003,Self-Serve Support Portal,Product Lead - Support,Delivery Lead - Ops Tech,Customer Ops Tech,2025-10-01,2026-02-28,Amber,Medium,Service Ops
P004,Information Architecture Refresh,Product Lead - Content,Delivery Lead - Content Ops,Content Ops,2025-09-09,2026-03-20,Red,High,Core UX
P005,Analytics Instrumentation Upgrade,Product Lead - Data,Delivery Lead - Data Eng,Data & Insights,2025-09-02,2025-12-20,Green,High,Data Foundation
P006,CRM Integration (Phase 1),Product Lead - RevOps,Delivery Lead - Enterprise Apps,Enterprise Apps,2025-10-14,2026-04-30,Amber,High,Enterprise Enablement
P007,Mobile Navigation Cleanup,Product Lead - Mobile,Delivery Lead - Mobile,Mobile,2025-09-23,2026-02-14,Green,Medium,Core UX
P008,Payments Reliability Program,Product Lead - Payments,Delivery Lead - SRE,Platform Engineering,2025-09-02,2026-01-17,Green,High,Reliability & Performance
P009,Search Relevance Improvement,Product Lead - Search,Delivery Lead - Ops Tech,Customer Ops Tech,2025-10-07,2026-03-06,Amber,Medium,Discovery
P010,Release Readiness & QA Standardization,PMO Sponsor,Delivery Lead - PMO,PMO Enablement,2025-09-16,2025-12-06,Green,Medium,Delivery Excellence