﻿raid_id,project_id,type,title,severity,probability,impact,owner,status,date_opened,due_date,date_closed,mitigation_or_resolution
R001,P002,Risk,Perf improvements depend on platform team capacity,High,Med,High,Delivery Lead - Platform,Open,2025-10-02,2025-11-08,,Weekly dependency sync; prioritize top 3 bottlenecks
R002,P004,Issue,Content owners not responding to inventory requests,High,,High,Delivery Lead - Content Ops,Open,2025-10-10,2025-10-25,,Escalate to sponsor; assign deputies per domain
R003,P006,Risk,CRM API rate limits impact sync,Med,Med,High,Delivery Lead - Enterprise Apps,Open,2025-10-20,2025-11-22,,Batch requests; throttle; vendor alignment
R004,P003,Risk,Portal adoption lower than expected,Med,Low,Med,Product Lead - Support,Open,2025-10-15,2025-12-06,,Pilot with 2 teams; onboarding nudges
R005,P001,Decision,Approve success metrics for Onboarding v2,Med,,Med,Product Lead - Growth,Closed,2025-09-10,2025-09-13,2025-09-13,"Metrics approved: activation, time-to-task, drop-off rate"
R006,P005,Risk,Tracking inconsistent across surfaces,Med,Med,Med,Delivery Lead - Data Eng,Open,2025-09-18,2025-10-25,,Publish tracking spec; QA tag checklist
R007,P008,Issue,Alert noise too high reduces response quality,Med,,Med,Delivery Lead - SRE,Open,2025-10-05,2025-11-08,,Tune thresholds; route alerts by service
R008,P009,Risk,Search vendor evaluation timeline slips,Med,Med,Med,Product Lead - Search,Open,2025-10-22,2025-11-22,,Timebox eval; shortlist top 2 options
R009,P010,Assumption,Teams adopt checklist if embedded in release workflow,Low,,Low,Delivery Lead - PMO,Open,2025-09-20,2025-10-25,,Integrate into Confluence release template
R010,P002,Decision,Choose beta cohort and rollout timeline,Med,,Med,Product Lead - Commerce,Open,2025-11-05,2025-11-22,,Need sponsor approval for cohort list
R011,P004,Risk,IA changes require accessibility re-review,High,Med,High,Delivery Lead - Content Ops,Open,2025-10-18,2025-12-06,,Add a11y reviewer to sign-off workflow
R012,P006,Issue,Staging environment unstable blocks testing,High,,High,Delivery Lead - Enterprise Apps,Open,2025-11-01,2025-11-15,,Schedule maintenance; rollback plan
R013,P003,Assumption,KB articles can be standardized to new template,Med,,Med,Delivery Lead - Ops Tech,Open,2025-10-28,2025-11-22,,Define template; migration rules
R014,P005,Decision,Adopt event taxonomy v1 for tracking,Med,,Med,Product Lead - Data,Closed,2025-09-25,2025-09-27,2025-09-27,Taxonomy v1 approved
R015,P008,Risk,Holiday code freeze restricts releases,Med,High,Med,Delivery Lead - SRE,Open,2025-11-10,2025-12-06,,Plan cutover pre-freeze; schedule hotfix window
R016,P001,Risk,Copy approvals delay onboarding content,Med,Med,Med,Product Lead - Growth,Open,2025-10-01,2025-10-25,,Pre-approve variants; weekly checkpoint
R017,P009,Issue,Search index refresh failing intermittently,High,,High,Delivery Lead - Ops Tech,Open,2025-11-12,2025-11-22,,Retries + monitoring; vendor escalation
R018,P010,Decision,Define defect severity thresholds for release readiness,Med,,Med,PMO Sponsor,Closed,2025-10-02,2025-10-11,2025-10-11,Thresholds documented and approved
R019,P002,Risk,Checkout depends on payments service changes,High,Med,High,Delivery Lead - Platform,Open,2025-10-14,2025-11-08,,Track dependency; weekly integration check
R020,P006,Risk,Data mapping unclear between CRM and product DB,Med,Med,High,Product Lead - RevOps,Open,2025-10-25,2025-11-22,,Mapping workshop; validate sample records
R021,P007,Issue,Nav changes conflict with legacy deep links,Med,,Med,Delivery Lead - Mobile,Open,2025-10-08,2025-10-25,,Redirect plan; regression test critical flows
R022,P008,Assumption,Error budgets accepted by stakeholders,Med,,Med,Product Lead - Payments,Open,2025-10-25,2025-11-22,,Review in ops meeting; align on SLA targets
R023,P004,Decision,Select IA structure for top-level categories,High,,High,Product Lead - Content,Open,2025-11-05,2025-11-22,,Decision needed to unblock migration
R024,P005,Issue,Duplicate events in analytics stream,Med,,Med,Delivery Lead - Data Eng,Open,2025-10-20,2025-11-08,,Dedup logic; QA validation
R025,P003,Risk,Support team bandwidth limited for content updates,Med,Med,Med,Product Lead - Support,Open,2025-11-01,2025-12-06,,Prioritize top 20 articles; batch updates
R026,P001,Issue,Acceptance criteria unclear for two stories,Low,,Low,Delivery Lead - Web,Closed,2025-09-18,2025-09-27,2025-09-27,Refined AC with examples + edge cases
R027,P010,Risk,Inconsistent QA usage across teams,Med,Med,Med,Delivery Lead - PMO,Open,2025-10-14,2025-11-22,,Training + office hours; embed into workflow
R028,P007,Risk,Mobile release window conflicts with store review,Med,Med,Med,Product Lead - Mobile,Open,2025-11-12,2025-12-06,,Submit early; keep fallback build
R029,P009,Decision,Choose relevance metrics for evaluation,Med,,Med,Product Lead - Search,Open,2025-11-18,2025-12-06,,Agree on NDCG/CTR; define baseline
R030,P006,Issue,Stakeholder availability delays UAT,Med,,Med,Product Lead - RevOps,Open,2025-11-15,2025-12-06,,Pre-book sessions; async feedback form
R031,P002,Issue,Copy review backlog blocks checkout updates,Med,,Med,Product Lead - Commerce,Open,2025-11-20,2025-12-06,,Prioritize critical pages; SLA on reviews
R032,P005,Risk,Tracking blocked by cookie consent updates,High,Med,High,Delivery Lead - Data Eng,Open,2025-11-25,2025-12-20,,Coordinate consent release; verify tags
R033,P008,Decision,Approve incident response runbook template,Low,,Low,Product Lead - Payments,Closed,2025-11-15,2025-11-22,2025-11-22,Template approved and published
R034,P003,Issue,Portal search performance regressions,High,,High,Delivery Lead - Ops Tech,Open,2025-11-25,2025-12-06,,Caching + perf test; rollback plan
R035,P001,Assumption,Guided onboarding beats generic nav for new users,Low,,Low,Product Lead - Growth,Open,2025-09-05,2025-10-11,,Validate via quick usability test
R036,P004,Risk,Multiple approvals create bottleneck,High,High,High,Delivery Lead - Content Ops,Open,2025-11-01,2025-12-06,,Streamline approvers; timebox sign-off
R037,P010,Issue,Checklist not integrated into tooling yet,Med,,Med,Delivery Lead - PMO,Open,2025-10-25,2025-11-22,,Add to release template; require link in ticket
R038,P007,Decision,Choose final nav labels for mobile,Low,,Low,Delivery Lead - Mobile,Closed,2025-10-09,2025-10-11,2025-10-11,Labels approved after quick test
R039,P002,Assumption,Beta cohort reflects broader user segments,Low,,Low,Product Lead - Commerce,Open,2025-10-25,2025-11-22,,Select diverse cohort
R040,P006,Risk,Vendor contract signature delays kickoff,High,Med,High,Delivery Lead - Enterprise Apps,Open,2025-10-10,2025-10-25,,Track with procurement; escalation path